{
  "seg_1": {
    "snr_before": -0.19765574654989557,
    "snr_after": -15.558664984995954,
    "spectral_flatness_before": 0.011692487778370089,
    "spectral_flatness_after": 0.06573353934981589,
    "band_energy": {
      "48-51Hz": {
        "before": 0.0,
        "after": 0.0
      },
      "84-87Hz": {
        "before": 1.5171014847242296e-06,
        "after": 9.576372571157412e-08
      },
      "99-101Hz": {
        "before": 0.0,
        "after": 0.0
      },
      "1196-1199Hz": {
        "before": 0.0,
        "after": 0.0
      }
    }
  },
  "seg_10": {
    "snr_before": -0.17145507665530385,
    "snr_after": -17.272475207402856,
    "spectral_flatness_before": 0.004987978580756851,
    "spectral_flatness_after": 0.03764870836993483,
    "band_energy": {
      "48-51Hz": {
        "before": 0.0,
        "after": 0.0
      },
      "84-87Hz": {
        "before": 1.2879415641918749e-05,
        "after": 5.382900171994323e-07
      },
      "99-101Hz": {
        "before": 0.0,
        "after": 0.0
      },
      "1196-1199Hz": {
        "before": 0.0,
        "after": 0.0
      }
    }
  },
  "seg_100": {
    "snr_before": -0.42854261801875426,
    "snr_after": -18.495428209928875,
    "spectral_flatness_before": 0.004530567581993482,
    "spectral_flatness_after": 0.04545091429189878,
    "band_energy": {
      "48-51Hz": {
        "before": 0.0,
        "after": 0.0
      },
      "84-87Hz": {
        "before": 2.0157692055747077e-05,
        "after": 9.177909664326741e-07
      },
      "99-101Hz": {
        "before": 0.0,
        "after": 0.0
      },
      "1196-1199Hz": {
        "before": 0.0,
        "after": 0.0
      }
    }
  },
  "seg_101": {
    "snr_before": -0.2400543084005054,
    "snr_after": -18.54699388292297,
    "spectral_flatness_before": 0.0038635848024280634,
    "spectral_flatness_after": 0.03727121644429674,
    "band_energy": {
      "48-51Hz": {
        "before": 0.0,
        "after": 0.0
      },
      "84-87Hz": {
        "before": 1.894904020357097e-05,
        "after": 8.012854648143472e-07
      },
      "99-101Hz": {
        "before": 0.0,
        "after": 0.0
      },
      "1196-1199Hz": {
        "before": 0.0,
        "after": 0.0
      }
    }
  },
  "seg_102": {
    "snr_before": -0.021493309960259388,
    "snr_after": -15.88701258813347,
    "spectral_flatness_before": 0.004942789915659627,
    "spectral_flatness_after": 0.030774067973563687,
    "band_energy": {
      "48-51Hz": {
        "before": 0.0,
        "after": 0.0
      },
      "84-87Hz": {
        "before": 6.7775000477371115e-06,
        "after": 3.056203051205061e-07
      },
      "99-101Hz": {
        "before": 0.0,
        "after": 0.0
      },
      "1196-1199Hz": {
        "before": 0.0,
        "after": 0.0
      }
    }
  },
  "seg_103": {
    "snr_before": 0.4185148017272588,
    "snr_after": -14.27549247390101,
    "spectral_flatness_before": 0.0036365488007776016,
    "spectral_flatness_after": 0.016716090895342456,
    "band_energy": {
      "48-51Hz": {
        "before": 0.0,
        "after": 0.0
      },
      "84-87Hz": {
        "before": 7.79728875787968e-05,
        "after": 3.4809938569409866e-06
      },
      "99-101Hz": {
        "before": 0.0,
        "after": 0.0
      },
      "1196-1199Hz": {
        "before": 0.0,
        "after": 0.0
      }
    }
  },
  "seg_104": {
    "snr_before": 0.5346065072767779,
    "snr_after": -13.907319219755632,
    "spectral_flatness_before": 0.0046179631093977375,
    "spectral_flatness_after": 0.020148635099371946,
    "band_energy": {
      "48-51Hz": {
        "before": 0.0,
        "after": 0.0
      },
      "84-87Hz": {
        "before": 3.964563216866152e-05,
        "after": 1.79242030502931e-06
      },
      "99-101Hz": {
        "before": 0.0,
        "after": 0.0
      },
      "1196-1199Hz": {
        "before": 0.0,
        "after": 0.0
      }
    }
  },
  "seg_105": {
    "snr_before": 0.3029443370756172,
    "snr_after": -14.429602801275891,
    "spectral_flatness_before": 0.002683665603324579,
    "spectral_flatness_after": 0.012455205787639563,
    "band_energy": {
      "48-51Hz": {
        "before": 0.0,
        "after": 0.0
      },
      "84-87Hz": {
        "before": 6.0569864346850884e-05,
        "after": 2.7806267067365885e-06
      },
      "99-101Hz": {
        "before": 0.0,
        "after": 0.0
      },
      "1196-1199Hz": {
        "before": 0.0,
        "after": 0.0
      }
    }
  },
  "seg_106": {
    "snr_before": 0.4171044130835627,
    "snr_after": -14.686804572216296,
    "spectral_flatness_before": 0.003325364871471122,
    "spectral_flatness_after": 0.01644697838634071,
    "band_energy": {
      "48-51Hz": {
        "before": 0.0,
        "after": 0.0
      },
      "84-87Hz": {
        "before": 7.941561125272455e-05,
        "after": 3.5648901716008386e-06
      },
      "99-101Hz": {
        "before": 0.0,
        "after": 0.0
      },
      "1196-1199Hz": {
        "before": 0.0,
        "after": 0.0
      }
    }
  },
  "seg_107": {
    "snr_before": 0.4578610734050621,
    "snr_after": -14.153719674767139,
    "spectral_flatness_before": 0.007468628238976266,
    "spectral_flatness_after": 0.034654088509594505,
    "band_energy": {
      "48-51Hz": {
        "before": 0.0,
        "after": 0.0
      },
      "84-87Hz": {
        "before": 1.2934854248456047e-05,
        "after": 5.775203258485847e-07
      },
      "99-101Hz": {
        "before": 0.0,
        "after": 0.0
      },
      "1196-1199Hz": {
        "before": 0.0,
        "after": 0.0
      }
    }
  },
  "seg_108": {
    "snr_before": 0.5166102758151343,
    "snr_after": -13.992671411703954,
    "spectral_flatness_before": 0.003855077129484726,
    "spectral_flatness_after": 0.016917512261039384,
    "band_energy": {
      "48-51Hz": {
        "before": 0.0,
        "after": 0.0
      },
      "84-87Hz": {
        "before": 0.0001022101776207144,
        "after": 4.587636425172602e-06
      },
      "99-101Hz": {
        "before": 0.0,
        "after": 0.0
      },
      "1196-1199Hz": {
        "before": 0.0,
        "after": 0.0
      }
    }
  },
  "seg_109": {
    "snr_before": 0.28609372154097823,
    "snr_after": -15.061277386210064,
    "spectral_flatness_before": 0.0027420128051788605,
    "spectral_flatness_after": 0.014510221322478563,
    "band_energy": {
      "48-51Hz": {
        "before": 0.0,
        "after": 0.0
      },
      "84-87Hz": {
        "before": 9.189128858294043e-05,
        "after": 4.169000399122406e-06
      },
      "99-101Hz": {
        "before": 0.0,
        "after": 0.0
      },
      "1196-1199Hz": {
        "before": 0.0,
        "after": 0.0
      }
    }
  },
  "seg_110": {
    "snr_before": 0.5383493769564776,
    "snr_after": -14.071909800040757,
    "spectral_flatness_before": 0.002025104775200394,
    "spectral_flatness_after": 0.009126310963828387,
    "band_energy": {
      "48-51Hz": {
        "before": 0.0,
        "after": 0.0
      },
      "84-87Hz": {
        "before": 7.938599739534902e-05,
        "after": 3.601736587331895e-06
      },
      "99-101Hz": {
        "before": 0.0,
        "after": 0.0
      },
      "1196-1199Hz": {
        "before": 0.0,
        "after": 0.0
      }
    }
  },
  "seg_111": {
    "snr_before": 0.4493357905526565,
    "snr_after": -14.706922795511163,
    "spectral_flatness_before": 0.0028808210347196863,
    "spectral_flatness_after": 0.014736813295426159,
    "band_energy": {
      "48-51Hz": {
        "before": 0.0,
        "after": 0.0
      },
      "84-87Hz": {
        "before": 0.00010585350354725561,
        "after": 4.7941480210772596e-06
      },
      "99-101Hz": {
        "before": 0.0,
        "after": 0.0
      },
      "1196-1199Hz": {
        "before": 0.0,
        "after": 0.0
      }
    }
  },
  "seg_112": {
    "snr_before": 0.43966081223373354,
    "snr_after": -14.69362604368074,
    "spectral_flatness_before": 0.005227356854312545,